,fraction,e_loss
0,0.607266291762423,0.846691632825853
1,0.0,0.832797840448328
2,0.0477641045279978,-2.29602937716126
3,0.0406544562440506,-3.17478952087357
4,0.0,-3.17495603164148
5,0.0151603483810324,-3.23856314498396
6,0.0151250969074548,-3.24052693057813
7,0.00767920444835589,-3.82619973038521
8,0.0134292114567528,-3.97993913479703
9,0.00178783542392786,-3.98050400676918
10,0.00597020045360846,-4.14639534966545
11,0.00494272605766308,-4.14712772427904
12,0.010657531074668,-4.27625725873967
13,0.000163162294390838,-4.27625825061319
14,0.00418000259116787,-4.37854793547136
15,0.0101353815222042,-4.38962220337152
16,0.000117668233866656,-4.39012545520098
17,0.00421779659371707,-4.52616487656949
18,0.00229356086644972,-4.52651996729123
19,0.0077778436845538,-4.58767058186629
20,2.28205891311257e-05,-4.58767107780306
21,0.008003287160499,-4.62924582853176
22,5.6883187506851e-06,-4.62954909386185
23,0.00316765836724986,-4.64247556158468
24,0.0019479935122697,-4.72263530827109
25,0.00105419254346287,-4.72283628664398
26,0.00377886470962372,-4.7567320765308
27,0.00685495129158685,-4.77526783700262
28,1.95444005376818e-05,-4.77544563033187
29,0.00267564418405796,-4.78928660544422
30,0.00164278523753632,-4.8376361003131
31,0.000650698318810021,-4.83775872067756
32,0.00497974617889708,-4.85853462750428
33,0.0062097779149399,-4.86816423161613
34,3.08393968975015e-05,-4.8682748255141
35,0.00236732649644578,-4.87938132930381
36,0.00129821909844488,-4.91077115073118
37,0.000397032202025261,-4.91085198842342
38,0.00446293755828819,-4.92451504622232
39,0.00581977995116563,-4.93014343253665
40,3.37686889252389e-05,-4.9302215425767
41,0.0021631140971899,-4.93864416059352
42,0.000858042790204277,-4.96017041974147
43,0.000274557180631716,-4.96022658457979
44,0.00378509873385557,-4.96969748892773
45,0.00555398603044796,-4.9732465363823
46,4.19134344204242e-05,-4.97331844721282
47,0.00194789738078201,-4.9797033850579
48,0.00070332317986194,-4.99510346136645
49,0.000185357306873994,-4.99514400419676
50,0.00318340582573167,-5.00197999652707
51,0.00536693489665653,-5.0043472266773
52,4.83688088765172e-05,-5.00440748299391
53,0.00175010538370256,-5.00932072849713
54,0.00252537768937097,-5.02584298571437
55,0.00522238253555045,-5.02749978645272
56,5.0934789602553e-05,-5.02753214632646
57,0.00144748275636024,-5.03138557496884
58,0.00284097372035854,-5.04397802928232
59,0.00520048177487081,-5.04518228772516
60,0.0,-5.04520758050003
61,0.00126099265248615,-5.04826416274973
62,0.0051111165046345,-5.05898433180167
63,0.0,-5.05900441724054
64,0.00109183563270455,-5.06146351967597
65,0.00501199594336638,-5.06995978430197
66,0.0,-5.06997602623093
67,0.000944700295638414,-5.07198035465541
68,0.00489149402951701,-5.07882886938897
69,0.0,-5.07884213569736
70,0.00082223260328879,-5.08049534089419
71,0.00474245722544719,-5.08609682263917
72,0.0,-5.08610785723213
73,0.000713461044498908,-5.08748606549431
74,0.00456041138025551,-5.09212642179412
75,0.0,-5.09213559662423
76,0.000623523406687863,-5.09329596466361
77,0.00435803042883584,-5.0971833649742
78,0.0,-5.09719105199401
79,0.000548445443114988,-5.09817660232471
80,0.00413340757174023,-5.10146577891589
81,0.0,-5.10147235007799
82,0.000481791954539639,-5.10231618647889
83,0.00389598490486806,-5.10512405644233
84,0.0,-5.1051297597151
85,0.000424567607616414,-5.10585742292945
86,0.00365887727388972,-5.10827362683494
87,0.0,-5.10827858620257
88,0.000376392786072731,-5.10891040963762
89,0.00341943429953725,-5.11100450261606
90,0.0,-5.11100884206273
91,0.000334340203721683,-5.11156094366326
92,0.00318328142741101,-5.11338785071105
93,0.0,-5.11339157023677
94,0.000298406677707757,-5.11387659639021
95,0.0029598765848634,-5.11548008392663
96,0.0,-5.11548343149977
97,0.000267637455340708,-5.11591179687813
98,0.00274781354853145,-5.11732670446072
99,0.0,-5.11732968008129
100,0.000240449825448296,-5.11770981560953
101,0.0025507314527968,-5.1189647835863
102,0.0,-5.1189673872543
103,0.00021701104908377,-5.11930623604709
104,0.002363986718724,-5.12042444946168
105,0.0,-5.1204268051613
106,0.000196072439049394,-5.12073007049139
107,0.00218855005550528,-5.12173074689334
108,0.0,-5.12173285462458
109,0.000178177159178941,-5.12200537187542
110,0.00202824074679956,-5.12290438124112
111,0.0,-5.12290624100397
112,0.000161992166453064,-5.12315210165384
113,0.00188099895742939,-5.12396283427586
114,0.0,-5.12396444607034
115,0.000147550422217287,-5.12418699769238
116,0.00174518289953858,-5.12492048816369
117,0.0,-5.12492209995817
118,0.000134909507246128,-5.12512407020458
119,0.00162043122497097,-5.12578998929204
120,0.0,-5.12579135311813
121,0.000123618844038313,-5.12597534565691
122,0.00150474953856609,-5.12658162834872
123,0.0,-5.12658299217481
124,0.000113700488343476,-5.12675086676882
125,0.00139954455772513,-5.12730458016383
126,0.0,-5.12730582000574
127,0.000104689635586299,-5.12745956040202
128,0.00130201753419792,-5.12796653175719
129,0.0,-5.12796752363072
130,9.65946981715911e-05,-5.12810861763956
131,0.0012131607874504,-5.1285740542909
132,0.0,-5.12857504616442
133,8.94343905582109e-05,-5.12870485761193
134,0.00113371409849521,-5.1291330990061
135,0.0,-5.12913396689543
136,8.27304175999207e-05,-5.12925361163932
137,0.00105614950909348,-5.12964850128623
138,0.0,-5.12964936917556
139,7.69739251261099e-05,-5.12975996307354
140,0.000989471534243277,-5.13012484854633
141,0.0,-5.13012571643567
142,7.11963532401231e-05,-5.13022800339287
143,0.00092535289981067,-5.13056598429632
144,0.0,-5.13056672820146
145,6.637930101934e-05,-5.13066170009142
146,0.000864260288818627,-5.13097525610933
147,0.0,-5.13097587603028
148,6.20336675395343e-05,-5.13106415277396
149,0.000810665093658404,-5.13135563960595
150,0.0,-5.1313562595269
151,5.76785924927729e-05,-5.13143833706105
152,0.000760600249805353,-5.13170973845417
153,0.0,-5.13171035837512
154,5.42930340152355e-05,-5.13178698060488
155,0.000714239558134387,-5.1320400323378
156,0.0,-5.13204065225875
157,5.08975970777032e-05,-5.1321121911367
158,0.000671586811313835,-5.13234862898808
159,0.0,-5.13234912492485
160,4.75946510522031e-05,-5.13241607638775
161,0.00063291793789218,-5.13263726418369
162,0.0,-5.13263776012045
163,4.4629939359703e-05,-5.13270037213668
164,0.000598387180384154,-5.13290767370329
165,0.0,-5.13290816964005
166,4.20998033476288e-05,-5.13296693814637
167,0.000563339232864241,-5.13316134535716
168,0.0,-5.13316184129392
169,3.95675551856386e-05,-5.13321701425872
170,0.000532529008333336,-5.13339976695559
171,0.0,-5.13340013890816
172,3.72767873977012e-05,-5.133452088284
173,0.000501411006133292,-5.13362393037211
174,0.0,-5.13362430232468
175,3.52283456475832e-05,-5.13367315209576
176,0.000474656634946231,-5.13383507544862
177,0.0,-5.13383544740119
178,3.32269168751961e-05,-5.13388144553589
179,0.000450942894494111,-5.13403407007446
180,0.0,-5.13403444202703
181,3.14684750332381e-05,-5.13407796047791
182,0.000427961510723463,-5.13422203010734
183,0.0,-5.13422240205991
184,2.98069915134373e-05,-5.13426344082698
185,0.000405752678242434,-5.13439957546821
186,0.0,-5.13439994742078
187,2.82420813615809e-05,-5.13443875447242
188,0.000385725592365995,-5.13456757404641
189,0.0,-5.13456794599898
190,2.67253750469853e-05,-5.13460464531938
191,0.000365602851048931,-5.13472664576289
192,0.0,-5.13472689373127
193,2.54530336362403e-05,-5.134761857273
194,0.000348165195827429,-5.1348774105386
195,0.0,-5.13487765850698
196,2.4179875447824e-05,-5.13491076228586
197,0.00033158515549687,-5.1350204882945
198,0.0,-5.13502073626288
199,2.30042420434788e-05,-5.13505210426309
200,0.000315877509193251,-5.13515637496734
201,0.0,-5.13515649895153
202,2.1877247854098e-05,-5.13518637914146
203,0.000300570561054577,-5.13528544250971
204,0.0,-5.13528569047809
205,2.08478260207549e-05,-5.13531408285772
206,0.00028709214665554,-5.13540818685835
207,0.0,-5.13540843482674
208,1.98671548313586e-05,-5.13543546338028
209,0.000273558480074715,-5.13552510395005
210,0.0,-5.13552535191843
211,1.89841984833019e-05,-5.13555114063006
212,0.000261876086619378,-5.13563656573735
213,0.0,-5.13563668972154
214,1.80519500333693e-05,-5.13566123859127
215,0.000249683315969971,-5.13574282018866
216,0.0,-5.13574294417285
217,1.72666942809016e-05,-5.13576637718486
218,0.000238881517598999,-5.13584411527234
219,0.0,-5.13584423925653
220,1.65304863231126e-05,-5.13586668039502
221,0.000228515357428089,-5.13594094692516
222,0.0,-5.13594107090935
223,1.58431307522438e-05,-5.13596239619012
224,0.000219082122065851,-5.13603343913131
225,0.0,-5.1360335631155
226,1.5155584010768e-05,-5.13605402050694
227,0.000210104729846516,-5.13612183985918
228,0.0,-5.13612196384337
229,1.45170657449573e-05,-5.13614155334547
230,0.000201103011847075,-5.13620639707713
231,0.0,-5.13620652106132
232,1.38784387505721e-05,-5.1362252426741
233,0.000192560909519058,-5.13628748273775
234,0.0,-5.13628760672194
235,1.33379625130282e-05,-5.13630546044538
236,0.000184961735553314,-5.13636509684104
237,0.0,-5.13636522082523
238,1.27974027388318e-05,-5.13638233064353
239,0.000177827554702699,-5.13643948735537
240,0.0,-5.13643961133956
241,1.22567049451527e-05,-5.1364561012369
242,0.000170677643440241,-5.13651077826494
243,0.0,-5.13651090224913
244,1.18143308074535e-05,-5.13652677222552
245,0.000163992857967852,-5.13657934152232
246,0.0,-5.13657946550651
247,1.13226144672831e-05,-5.13659459157775
248,0.000157780781907998,-5.13664505314331
249,0.0,-5.1366451771275
250,1.08801102545282e-05,-5.13665980726198
251,0.000152043386453372,-5.13670828508049
252,0.0,-5.13670840906468
253,1.04867316124741e-05,-5.13672241927821
254,0.000146295875798896,-5.13676903733386
255,0.0,-5.13676916131805
256,1.00933415475754e-05,-5.13678267559482
257,0.000140539228786555,-5.13682743388761
258,0.0,-5.1368275578718
259,9.69981154808539e-06,-5.13684057621181
260,0.000135741572236011,-5.13688372271012
261,0.0,-5.13688384669431
